Rainbow Castle Child Development Center,1222 Spruce St,Saint Louis,63103,MO,Child Care & Day Care,38.623548,-90.200713
Childrens Enrichment Center,210 S Ewing Ave,Saint Louis,63103,MO,Child Care & Day Care,38.6303409934044,-90.2216316014528
Kingdom House,1321 S 11th St,Saint Louis,63104,MO,Child Care & Day Care,38.61529,-90.20284
Discovery Children's Center,1211 Tamm Ave,Saint Louis,63139,MO,Child Care & Day Care,38.62803,-90.29329
Downtown Children's Center,607 N 22nd St,Saint Louis,63103,MO,Child Care & Day Care,38.6348667,-90.2107986
Charley's Angels Learning & Development Center,3196 Morganford Rd,Saint Louis,63116,MO,Child Care & Day Care,38.6009775102139,-90.2616213262081
Childgarden Early Childhood Center,4150 Laclede Ave,Saint Louis,63108,MO,Child Care & Day Care,38.6371994018555,-90.2489013671875
SouthSide Early Childhood Center,2101 S Jefferson Ave,Saint Louis,63104,MO,Child Care & Day Care,38.610906,-90.222281
Kim's Kids,720 N Leonard Ave,Saint Louis,63101,MO,Child Care & Day Care,38.63897,-90.22533
Kingshighway Hills Preschool Plus,5001 Pernod Ave,Saint Louis,63139,MO,Child Care & Day Care,38.5950476769848,-90.2760375291109
Creative Nursery and Preschool,6500 Arsenal St,Saint Louis,63139,MO,Child Care & Day Care,38.60789,-90.29948
South City Family YMCA,3150 Sublette Ave,St. Louis,63139,MO,Child Care & Day Care,38.603529,-90.28073
Carondelet Park Rec Complex,930 Holly Hills,St. Louis,63111,MO,Child Care & Day Care,38.5607134,-90.2565509
Saint Louis Zoo,1 Government Dr,Saint Louis,63110,MO,Child Care & Day Care,38.6364977370082,-90.2924286777044
Step Ahead Child Care,4501 Hampton Ave,Saint Louis,63109,MO,Child Care & Day Care,38.58954,-90.2947499
Olive You Nanny,,Saint Louis,63112,MO,Child Care & Day Care,38.6548843383789,-90.2824401855469
Monsanto Family YMCA,5555 Page Blvd,St. Louis,63112,MO,Child Care & Day Care,38.664405,-90.276832
Hampton KinderCare,2500 Hampton Ave,St. Louis,63139,MO,Child Care & Day Care,38.61294,-90.28688
