Walgreens,1530 Lafayette Ave,Saint Louis,63104,MO,Pharmacy,38.61287,-90.2092
Schnucks Culinaria Pharmacy,315 N 9th St,Saint Louis,63101,MO,Pharmacy,38.629117,-90.1935902
Gateway Apothecary,4473 Forest Park Ave,Saint Louis,63108,MO,Pharmacy,38.6382385,-90.2583147
CVS Pharmacy,3925 Lindell Blvd,Saint Louis,63108,MO,Pharmacy,38.6391898,-90.2419123
Walgreens,4218 Lindell Blvd,Saint Louis,63108,MO,Pharmacy,38.64022,-90.24928
West Pine Pharmacy,4401 W Pine Blvd,Saint Louis,63108,MO,Pharmacy,38.64073,-90.25491
Walgreens,4925 Southwest Ave,Saint Louis,63110,MO,Pharmacy,38.61285,-90.26878
Lindenwood Drug,6903 Lansdowne Ave,Saint Louis,63109,MO,Pharmacy,38.59162,-90.31011
Keller Apothecary,5346 Devonshire Ave,Saint Louis,63109,MO,Pharmacy,38.5875244140625,-90.2839126586914
Walgreens,2340 Hampton Ave,Saint Louis,63139,MO,Pharmacy,38.61386,-90.28671
The Medicine Shoppe Pharmacy,3137 S Grand Blvd,Saint Louis,63118,MO,Pharmacy,38.6016,-90.24275
Globe Drug,1900 S Broadway,Saint Louis,63104,MO,Pharmacy,38.60686,-90.20064
CVS/pharmacy,7320 Gravois Ave,Saint Louis,63116,MO,Pharmacy,38.5642204284668,-90.2933578491211
Walgreens,3920 Hampton Ave,Saint Louis,63109,MO,Pharmacy,38.59376,-90.2933
The Medicine Shoppe Pharmacy,625 N Euclid Ave,Saint Louis,63108,MO,Pharmacy,38.651095,-90.261025
Schnucks Loughborough Pharmacy,1020 Loughborough Ave,Saint Louis,63111,MO,Pharmacy,38.55644,-90.26254
Walgreens,2933 S Kingshighway Blvd,Saint Louis,63139,MO,Pharmacy,38.6052857788559,-90.2695855805758
Walgreens,3631 Gravois Ave,Saint Louis,63116,MO,Pharmacy,38.5921617597342,-90.2450955659151
On The Hill Health Mart Pharmacy,5378 Southwest Ave,St. Louis,63139,MO,Pharmacy,38.610509,-90.278252
CVS Pharmacy,4100 Gravois Ave,Saint Louis,63116,MO,Pharmacy,38.5890274047852,-90.2555541992188
Walgreens,1400 N Grand Blvd,Saint Louis,63106,MO,Pharmacy,38.646842956543,-90.2260818481445
Schnucks Lindell Specialty Pharmacy,3960 Lindell Blvd,Saint Louis,63108,MO,Pharmacy,38.6390210543447,-90.2431990736439
Imran Pharmacy,3737 N Kingshighway Blvd,Saint Louis,63115,MO,Pharmacy,38.67743,-90.25185
Schnucks Arsenal Pharmacy - Saint Louis,5055 Arsenal St,Saint Louis,63139,MO,Pharmacy,38.6068029,-90.273927
